Date,World,Afghanistan,Albania,Algeria,Andorra,Angola,Anguilla,Antigua and Barbuda,Argentina,Armenia,Aruba,Australia,Austria,Azerbaijan,Bahamas,Bahrain,Bangladesh,Barbados,Belarus,Belgium,Belize,Benin,Bermuda,Bhutan,Bolivia,Bonaire Sint Eustatius and Saba,Bosnia and Herzegovina,Botswana,Brazil,British Virgin Islands,Brunei,Bulgaria,Burkina Faso,Burundi,Cambodia,Cameroon,Canada,Cape Verde,Cayman Islands,Central African Republic,Chad,Chile,China,Colombia,Congo,Costa Rica,Cote d'Ivoire,Croatia,Cuba,Curacao,Cyprus,Czech Republic,Democratic Republic of Congo,Denmark,Djibouti,Dominica,Dominican Republic,Ecuador,Egypt,El Salvador,Equatorial Guinea,Eritrea,Estonia,Ethiopia,Faeroe Islands,Falkland Islands,Fiji,Finland,France,French Polynesia,Gabon,Gambia,Georgia,Germany,Ghana,Gibraltar,Greece,Greenland,Grenada,Guam,Guatemala,Guernsey,Guinea,Guinea-Bissau,Guyana,Haiti,Honduras,Hungary,Iceland,India,Indonesia,International,Iran,Iraq,Ireland,Isle of Man,Israel,Italy,Jamaica,Japan,Jersey,Jordan,Kazakhstan,Kenya,Kosovo,Kuwait,Kyrgyzstan,Laos,Latvia,Lebanon,Liberia,Libya,Liechtenstein,Lithuania,Luxembourg,Macedonia,Madagascar,Malawi,Malaysia,Maldives,Mali,Malta,Mauritania,Mauritius,Mexico,Moldova,Monaco,Mongolia,Montenegro,Montserrat,Morocco,Mozambique,Myanmar,Namibia,Nepal,Netherlands,New Caledonia,New Zealand,Nicaragua,Niger,Nigeria,Northern Mariana Islands,Norway,Oman,Pakistan,Palestine,Panama,Papua New Guinea,Paraguay,Peru,Philippines,Poland,Portugal,Puerto Rico,Qatar,Romania,Russia,Rwanda,Saint Kitts and Nevis,Saint Lucia,Saint Vincent and the Grenadines,San Marino,Sao Tome and Principe,Saudi Arabia,Senegal,Serbia,Seychelles,Sierra Leone,Singapore,Sint Maarten (Dutch part),Slovakia,Slovenia,Somalia,South Africa,South Korea,South Sudan,Spain,Sri Lanka,Sudan,Suriname,Swaziland,Sweden,Switzerland,Syria,Taiwan,Tanzania,Thailand,Timor,Togo,Trinidad and Tobago,Tunisia,Turkey,Turks and Caicos Islands,Uganda,Ukraine,United Arab Emirates,United Kingdom,United States,United States Virgin Islands,Uruguay,Uzbekistan,Vatican,Venezuela,Vietnam,Yemen,Zambia,Zimbabwe
12/31/2019,27,0,,0,,,,,,0,,0,0,0,,0,,,0,0,,,,,,,,,0,,,,,,0,,0,,,,,,27,,,,,0,,,,0,,0,,,0,0,0,,,,0,,,,,0,0,,,,0,0,,,0,,,,,,,,,,,,0,0,0,0,0,0,0,,0,0,,0,,,,,,0,,,,0,,,,0,0,0,,,0,,,,,,0,,0,,,,,,,,0,0,,0,,,0,,0,0,0,,,,,,0,,,,0,0,0,,,,,0,,,,,,,0,,,,,,0,,0,0,,,,0,0,,0,,0,,,,,,,,,0,0,0,,,,,,0,,,
1/1/2020,27,0,,0,,,,,,0,,0,0,0,,0,,,0,0,,,,,,,,,0,,,,,,0,,0,,,,,,27,,,,,0,,,,0,,0,,,0,0,0,,,,0,,,,,0,0,,,,0,0,,,0,,,,,,,,,,,,0,0,0,0,0,0,0,,0,0,,0,,,,,,0,,,,0,,,,0,0,0,,,0,,,,,,0,,0,,,,,,,,0,0,,0,,,0,,0,0,0,,,,,,0,,,,0,0,0,,,,,0,,,,,,,0,,,,,,0,,0,0,,,,0,0,,0,,0,,,,,,,,,0,0,0,,,,,,0,,,
1/2/2020,27,0,,0,,,,,,0,,0,0,0,,0,,,0,0,,,,,,,,,0,,,,,,0,,0,,,,,,27,,,,,0,,,,0,,0,,,0,0,0,,,,0,,,,,0,0,,,,0,0,,,0,,,,,,,,,,,,0,0,0,0,0,0,0,,0,0,,0,,,,,,0,,,,0,,,,0,0,0,,,0,,,,,,0,,0,,,,,,,,0,0,,0,,,0,,0,0,0,,,,,,0,,,,0,0,0,,,,,0,,,,,,,0,,,,,,0,,0,0,,,,0,0,,0,,0,,,,,,,,,0,0,0,,,,,,0,,,
1/3/2020,44,0,,0,,,,,,0,,0,0,0,,0,,,0,0,,,,,,,,,0,,,,,,0,,0,,,,,,44,,,,,0,,,,0,,0,,,0,0,0,,,,0,,,,,0,0,,,,0,0,,,0,,,,,,,,,,,,0,0,0,0,0,0,0,,0,0,,0,,,,,,0,,,,0,,,,0,0,0,,,0,,,,,,0,,0,,,,,,,,0,0,,0,,,0,,0,0,0,,,,,,0,,,,0,0,0,,,,,0,,,,,,,0,,,,,,0,,0,0,,,,0,0,,0,,0,,,,,,,,,0,0,0,,,,,,0,,,
1/4/2020,44,0,,0,,,,,,0,,0,0,0,,0,,,0,0,,,,,,,,,0,,,,,,0,,0,,,,,,44,,,,,0,,,,0,,0,,,0,0,0,,,,0,,,,,0,0,,,,0,0,,,0,,,,,,,,,,,,0,0,0,0,0,0,0,,0,0,,0,,,,,,0,,,,0,,,,0,0,0,,,0,,,,,,0,,0,,,,,,,,0,0,,0,,,0,,0,0,0,,,,,,0,,,,0,0,0,,,,,0,,,,,,,0,,,,,,0,,0,0,,,,0,0,,0,,0,,,,,,,,,0,0,0,,,,,,0,,,
1/5/2020,59,0,,0,,,,,,0,,0,0,0,,0,,,0,0,,,,,,,,,0,,,,,,0,,0,,,,,,59,,,,,0,,,,0,,0,,,0,0,0,,,,0,,,,,0,0,,,,0,0,,,0,,,,,,,,,,,,0,0,0,0,0,0,0,,0,0,,0,,,,,,0,,,,0,,,,0,0,0,,,0,,,,,,0,,0,,,,,,,,0,0,,0,,,0,,0,0,0,,,,,,0,,,,0,0,0,,,,,0,,,,,,,0,,,,,,0,,0,0,,,,0,0,,0,,0,,,,,,,,,0,0,0,,,,,,0,,,
1/6/2020,59,0,,0,,,,,,0,,0,0,0,,0,,,0,0,,,,,,,,,0,,,,,,0,,0,,,,,,59,,,,,0,,,,0,,0,,,0,0,0,,,,0,,,,,0,0,,,,0,0,,,0,,,,,,,,,,,,0,0,0,0,0,0,0,,0,0,,0,,,,,,0,,,,0,,,,0,0,0,,,0,,,,,,0,,0,,,,,,,,0,0,,0,,,0,,0,0,0,,,,,,0,,,,0,0,0,,,,,0,,,,,,,0,,,,,,0,,0,0,,,,0,0,,0,,0,,,,,,,,,0,0,0,,,,,,0,,,
1/7/2020,59,0,,0,,,,,,0,,0,0,0,,0,,,0,0,,,,,,,,,0,,,,,,0,,0,,,,,,59,,,,,0,,,,0,,0,,,0,0,0,,,,0,,,,,0,0,,,,0,0,,,0,,,,,,,,,,,,0,0,0,0,0,0,0,,0,0,,0,,,,,,0,,,,0,,,,0,0,0,,,0,,,,,,0,,0,,,,,,,,0,0,,0,,,0,,0,0,0,,,,,,0,,,,0,0,0,,,,,0,,,,,,,0,,,,,,0,,0,0,,,,0,0,,0,,0,,,,,,,,,0,0,0,,,,,,0,,,
1/8/2020,59,0,,0,,,,,,0,,0,0,0,,0,,,0,0,,,,,,,,,0,,,,,,0,,0,,,,,,59,,,,,0,,,,0,,0,,,0,0,0,,,,0,,,,,0,0,,,,0,0,,,0,,,,,,,,,,,,0,0,0,0,0,0,0,,0,0,,0,,,,,,0,,,,0,,,,0,0,0,,,0,,,,,,0,,0,,,,,,,,0,0,,0,,,0,,0,0,0,,,,,,0,,,,0,0,0,,,,,0,,,,,,,0,,,,,,0,,0,0,,,,0,0,,0,,0,,,,,,,,,0,0,0,,,,,,0,,,
1/9/2020,59,0,,0,,,,,,0,,0,0,0,,0,,,0,0,,,,,,,,,0,,,,,,0,,0,,,,,,59,,,,,0,,,,0,,0,,,0,0,0,,,,0,,,,,0,0,,,,0,0,,,0,,,,,,,,,,,,0,0,0,0,0,0,0,,0,0,,0,,,,,,0,,,,0,,,,0,0,0,,,0,,,,,,0,,0,,,,,,,,0,0,,0,,,0,,0,0,0,,,,,,0,,,,0,0,0,,,,,0,,,,,,,0,,,,,,0,,0,0,,,,0,0,,0,,0,,,,,,,,,0,0,0,,,,,,0,,,
1/10/2020,59,0,,0,,,,,,0,,0,0,0,,0,,,0,0,,,,,,,,,0,,,,,,0,,0,,,,,,59,,,,,0,,,,0,,0,,,0,0,0,,,,0,,,,,0,0,,,,0,0,,,0,,,,,,,,,,,,0,0,0,0,0,0,0,,0,0,,0,,,,,,0,,,,0,,,,0,0,0,,,0,,,,,,0,,0,,,,,,,,0,0,,0,,,0,,0,0,0,,,,,,0,,,,0,0,0,,,,,0,,,,,,,0,,,,,,0,,0,0,,,,0,0,,0,,0,,,,,,,,,0,0,0,,,,,,0,,,
1/11/2020,59,0,,0,,,,,,0,,0,0,0,,0,,,0,0,,,,,,,,,0,,,,,,0,,0,,,,,,59,,,,,0,,,,0,,0,,,0,0,0,,,,0,,,,,0,0,,,,0,0,,,0,,,,,,,,,,,,0,0,0,0,0,0,0,,0,0,,0,,,,,,0,,,,0,,,,0,0,0,,,0,,,,,,0,,0,,,,,,,,0,0,,0,,,0,,0,0,0,,,,,,0,,,,0,0,0,,,,,0,,,,,,,0,,,,,,0,,0,0,,,,0,0,,0,,0,,,,,,,,,0,0,0,,,,,,0,,,
1/12/2020,59,0,,0,,,,,,0,,0,0,0,,0,,,0,0,,,,,,,,,0,,,,,,0,,0,,,,,,59,,,,,0,,,,0,,0,,,0,0,0,,,,0,,,,,0,0,,,,0,0,,,0,,,,,,,,,,,,0,0,0,0,0,0,0,,0,0,,0,,,,,,0,,,,0,,,,0,0,0,,,0,,,,,,0,,0,,,,,,,,0,0,,0,,,0,,0,0,0,,,,,,0,,,,0,0,0,,,,,0,,,,,,,0,,,,,,0,,0,0,,,,0,0,,0,,0,,,,,,,,,0,0,0,,,,,,0,,,
1/13/2020,60,0,,0,,,,,,0,,0,0,0,,0,,,0,0,,,,,,,,,0,,,,,,0,,0,,,,,,59,,,,,0,,,,0,,0,,,0,0,0,,,,0,,,,,0,0,,,,0,0,,,0,,,,,,,,,,,,0,0,0,0,0,0,0,,0,0,,0,,,,,,0,,,,0,,,,0,0,0,,,0,,,,,,0,,0,,,,,,,,0,0,,0,,,0,,0,0,0,,,,,,0,,,,0,0,0,,,,,0,,,,,,,0,,,,,,0,,0,0,,,,0,0,,0,,1,,,,,,,,,0,0,0,,,,,,0,,,
1/14/2020,60,0,,0,,,,,,0,,0,0,0,,0,,,0,0,,,,,,,,,0,,,,,,0,,0,,,,,,59,,,,,0,,,,0,,0,,,0,0,0,,,,0,,,,,0,0,,,,0,0,,,0,,,,,,,,,,,,0,0,0,0,0,0,0,,0,0,,0,,,,,,0,,,,0,,,,0,0,0,,,0,,,,,,0,,0,,,,,,,,0,0,,0,,,0,,0,0,0,,,,,,0,,,,0,0,0,,,,,0,,,,,,,0,,,,,,0,,0,0,,,,0,0,,0,,1,,,,,,,,,0,0,0,,,,,,0,,,
1/15/2020,61,0,,0,,,,,,0,,0,0,0,,0,,,0,0,,,,,,,,,0,,,,,,0,,0,,,,,,59,,,,,0,,,,0,,0,,,0,0,0,,,,0,,,,,0,0,,,,0,0,,,0,,,,,,,,,,,,0,0,0,0,0,0,0,,0,0,,1,,,,,,0,,,,0,,,,0,0,0,,,0,,,,,,0,,0,,,,,,,,0,0,,0,,,0,,0,0,0,,,,,,0,,,,0,0,0,,,,,0,,,,,,,0,,,,,,0,,0,0,,,,0,0,,0,,1,,,,,,,,,0,0,0,,,,,,0,,,
1/16/2020,61,0,,0,,,,,,0,,0,0,0,,0,,,0,0,,,,,,,,,0,,,,,,0,,0,,,,,,59,,,,,0,,,,0,,0,,,0,0,0,,,,0,,,,,0,0,,,,0,0,,,0,,,,,,,,,,,,0,0,0,0,0,0,0,,0,0,,1,,,,,,0,,,,0,,,,0,0,0,,,0,,,,,,0,,0,,,,,,,,0,0,,0,,,0,,0,0,0,,,,,,0,,,,0,0,0,,,,,0,,,,,,,0,,,,,,0,,0,0,,,,0,0,,0,,1,,,,,,,,,0,0,0,,,,,,0,,,
1/17/2020,66,0,,0,,,,,,0,,0,0,0,,0,,,0,0,,,,,,,,,0,,,,,,0,,0,,,,,,63,,,,,0,,,,0,,0,,,0,0,0,,,,0,,,,,0,0,,,,0,0,,,0,,,,,,,,,,,,0,0,0,0,0,0,0,,0,0,,1,,,,,,0,,,,0,,,,0,0,0,,,0,,,,,,0,,0,,,,,,,,0,0,,0,,,0,,0,0,0,,,,,,0,,,,0,0,0,,,,,0,,,,,,,0,,,,,,0,,0,0,,,,0,0,,0,,2,,,,,,,,,0,0,0,,,,,,0,,,
1/18/2020,83,0,,0,,,,,,0,,0,0,0,,0,,,0,0,,,,,,,,,0,,,,,,0,,0,,,,,,80,,,,,0,,,,0,,0,,,0,0,0,,,,0,,,,,0,0,,,,0,0,,,0,,,,,,,,,,,,0,0,0,0,0,0,0,,0,0,,1,,,,,,0,,,,0,,,,0,0,0,,,0,,,,,,0,,0,,,,,,,,0,0,,0,,,0,,0,0,0,,,,,,0,,,,0,0,0,,,,,0,,,,,,,0,,,,,,0,,0,0,,,,0,0,,0,,2,,,,,,,,,0,0,0,,,,,,0,,,
1/19/2020,219,0,,0,,,,,,0,,0,0,0,,0,,,0,0,,,,,,,,,0,,,,,,0,,0,,,,,,216,,,,,0,,,,0,,0,,,0,0,0,,,,0,,,,,0,0,,,,0,0,,,0,,,,,,,,,,,,0,0,0,0,0,0,0,,0,0,,1,,,,,,0,,,,0,,,,0,0,0,,,0,,,,,,0,,0,,,,,,,,0,0,,0,,,0,,0,0,0,,,,,,0,,,,0,0,0,,,,,0,,,,,,,0,,,,,,0,,0,0,,,,0,0,,0,,2,,,,,,,,,0,0,0,,,,,,0,,,
1/20/2020,239,0,,0,,,,,,0,,0,0,0,,0,,,0,0,,,,,,,,,0,,,,,,0,,0,,,,,,235,,,,,0,,,,0,,0,,,0,0,0,,,,0,,,,,0,0,,,,0,0,,,0,,,,,,,,,,,,0,0,0,0,0,0,0,,0,0,,1,,,,,,0,,,,0,,,,0,0,0,,,0,,,,,,0,,0,,,,,,,,0,0,,0,,,0,,0,0,0,,,,,,0,,,,0,0,0,,,,,0,,,,,,,0,,,,,,1,,0,0,,,,0,0,,0,,2,,,,,,,,,0,0,0,,,,,,0,,,
1/21/2020,392,0,,0,,,,,,0,,0,0,0,,0,,,0,0,,,,,,,,,0,,,,,,0,,0,,,,,,386,,,,,0,,,,0,,0,,,0,0,0,,,,0,,,,,0,0,,,,0,0,,,0,,,,,,,,,,,,0,0,0,0,0,0,0,,0,0,,1,,,,,,0,,,,0,,,,0,0,0,,,0,,,,,,0,,0,,,,,,,,0,0,,0,,,0,,0,0,0,,,,,,0,,,,0,0,0,,,,,0,,,,,,,0,,,,,,1,,0,0,,,,0,0,,1,,2,,,,,,,,,0,0,1,,,,,,0,,,
1/22/2020,534,0,,0,,,,,,0,,0,0,0,,0,,,0,0,,,,,,,,,0,,,,,,0,,0,,,,,,526,,,,,0,,,,0,,0,,,0,0,0,,,,0,,,,,0,0,,,,0,0,,,0,,,,,,,,,,,,0,0,0,0,0,0,0,,0,0,,1,,,,,,0,,,,0,,,,0,0,0,,,0,,,,,,0,,0,,,,,,,,0,0,,0,,,0,,0,0,0,,,,,,0,,,,0,0,0,,,,,0,,,,,,,0,,,,,,1,,0,0,,,,0,0,,1,,4,,,,,,,,,0,0,1,,,,,,0,,,
1/23/2020,631,0,,0,,,,,,0,,0,0,0,,0,,,0,0,,,,,,,,,0,,,,,,0,,0,,,,,,623,,,,,0,,,,0,,0,,,0,0,0,,,,0,,,,,0,0,,,,0,0,,,0,,,,,,,,,,,,0,0,0,0,0,0,0,,0,0,,1,,,,,,0,,,,0,,,,0,0,0,,,0,,,,,,0,,0,,,,,,,,0,0,,0,,,0,,0,0,0,,,,,,0,,,,0,0,0,,,,,0,,,,,,,0,,,,,,1,,0,0,,,,0,0,,1,,4,,,,,,,,,0,0,1,,,,,,0,,,
1/24/2020,897,0,,0,,,,,,0,,0,0,0,,0,,,0,0,,,,,,,,,0,,,,,,0,,0,,,,,,882,,,,,0,,,,0,,0,,,0,0,0,,,,0,,,,,0,0,,,,0,0,,,0,,,,,,,,,,,,0,0,0,0,0,0,0,,0,0,,2,,,,,,0,,,,0,,,,0,0,0,,,0,,,,,,0,,0,,,,,,,,0,0,,0,,,0,,0,0,0,,,,,,0,,,,0,0,0,,,,,0,,,,,,,3,,,,,,2,,0,0,,,,0,0,,1,,4,,,,,,,,,0,0,1,,,,,,2,,,
1/25/2020,1350,0,,0,,,,,,0,,1,0,0,,0,,,0,0,,,,,,,,,0,,,,,,0,,0,,,,,,1323,,,,,0,,,,0,,0,,,0,0,0,,,,0,,,,,0,3,,,,0,0,,,0,,,,,,,,,,,,0,0,0,0,0,0,0,,0,0,,2,,,,,,0,,,,0,,,,0,0,0,,,3,,,,,,0,,0,,,,,,,,1,0,,0,,,0,,0,0,0,,,,,,0,,,,0,0,0,,,,,0,,,,,,,3,,,,,,2,,0,0,,,,0,0,,3,,5,,,,,,,,,0,0,2,,,,,,2,,,
1/26/2020,2023,0,,0,,,,,,0,,4,0,0,,0,,,0,0,,,,,,,,,0,,,,,,0,,1,,,,,,1988,,,,,0,,,,0,,0,,,0,0,0,,,,0,,,,,0,3,,,,0,0,,,0,,,,,,,,,,,,0,0,0,0,0,0,0,,0,0,,3,,,,,,0,,,,0,,,,0,0,0,,,4,,,,,,0,,0,,,,,,,,1,0,,0,,,0,,0,0,0,,,,,,0,,,,0,0,0,,,,,0,,,,,,,4,,,,,,3,,0,0,,,,0,0,,3,,5,,,,,,,,,0,0,2,,,,,,2,,,
1/27/2020,2820,0,,0,,,,,,0,,4,0,0,,0,,,0,0,,,,,,,,,0,,,,,,0,,1,,,,,,2775,,,,,0,,,,0,,0,,,0,0,0,,,,0,,,,,0,3,,,,0,0,,,0,,,,,,,,,,,,0,0,0,0,0,0,0,,0,0,,3,,,,,,0,,,,0,,,,0,0,0,,,4,,,,,,0,,0,,,,,,,,1,0,,0,,,0,,0,0,0,,,,,,0,,,,0,0,0,,,,,0,,,,,,,4,,,,,,4,,0,0,,,,0,0,,5,,8,,,,,,,,,1,0,5,,,,,,2,,,
1/28/2020,4587,0,,0,,,,,,0,,4,0,0,,0,,,0,0,,,,,,,,,0,,,,,,1,,2,,,,,,4528,,,,,0,,,,0,,0,,,0,0,0,,,,0,,,,,0,3,,,,0,1,,,0,,,,,,,,,,,,0,0,0,0,0,0,0,,0,0,,4,,,,,,0,,,,0,,,,0,0,0,,,4,,,,,,0,,0,,,,,,,,1,0,,0,,,0,,0,0,0,,,,,,0,,,,0,0,0,,,,,0,,,,,,,5,,,,,,4,,0,1,,,,0,0,,7,,14,,,,,,,,,1,0,5,,,,,,2,,,
1/29/2020,6067,0,,0,,,,,,0,,4,0,0,,0,,,0,0,,,,,,,,,0,,,,,,1,,3,,,,,,5994,,,,,0,,,,0,,0,,,0,0,0,,,,0,,,,,0,4,,,,0,4,,,0,,,,,,,,,,,,0,0,0,0,0,0,0,,0,0,,7,,,,,,0,,,,0,,,,0,0,0,,,7,,,,,,0,,0,,,,,,,,1,0,,0,,,0,,0,0,0,,,,,,0,,,,0,0,0,,,,,0,,,,,,,7,,,,,,4,,0,1,,,,0,0,,8,,14,,,,,,,,,1,0,5,,,,,,2,,,
1/30/2020,7823,0,,0,,,,,,0,,6,0,0,,0,,,0,0,,,,,,,,,0,,,,,,1,,3,,,,,,7734,,,,,0,,,,0,,0,,,0,0,0,,,,0,,,,,1,5,,,,0,4,,,0,,,,,,,,,,,,0,1,0,0,0,0,0,,0,0,,11,,,,,,0,,,,0,,,,0,0,0,,,7,,,,,,0,,0,,,,,,,,1,0,,0,,,0,,0,0,0,,,,,,1,,,,0,0,0,,,,,0,,,,,,,10,,,,,,4,,0,1,,,,0,0,,8,,14,,,,,,,,,4,0,5,,,,,,2,,,
1/31/2020,9826,0,,0,,,,,,0,,7,0,0,,0,,,0,0,,,,,,,,,0,,,,,,1,,3,,,,,,9714,,,,,0,,,,0,,0,,,0,0,0,,,,0,,,,,1,6,,,,0,5,,,0,,,,,,,,,,,,0,1,0,0,0,0,0,,0,3,,14,,,,,,0,,,,0,,,,0,0,0,,,8,,,,,,0,,0,,,,,,,,1,0,,0,,,0,,0,0,0,,,,,,1,,,,0,0,0,,,,,0,,,,,,,13,,,,,,7,,0,1,,,,0,0,,9,,14,,,,,,,,,4,2,6,,,,,,5,,,
2/1/2020,11946,0,,0,,,,,,0,,9,0,0,,0,,,0,0,,,,,,,,,0,,,,,,1,,4,,,,,,11809,,,,,0,,,,0,,0,,,0,0,0,,,,0,,,,,1,6,,,,0,7,,,0,,,,,,,,,,,,0,1,0,0,0,0,0,,0,3,,15,,,,,,0,,,,0,,,,0,0,0,,,8,,,,,,0,,0,,,,,,,,1,0,,0,,,0,,0,0,0,,,,,,1,,,,0,0,2,,,,,0,,,,,,,16,,,,,,12,,1,1,,,,1,0,,10,,19,,,,,,,,,4,2,7,,,,,,5,,,
2/2/2020,14554,0,,0,,,,,,0,,11,0,0,,0,,,0,0,,,,,,,,,0,,,,,,1,,4,,,,,,14399,,,,,0,,,,0,,0,,,0,0,0,,,,0,,,,,1,6,,,,0,8,,,0,,,,,,,,,,,,0,2,0,0,0,0,0,,0,3,,19,,,,,,0,,,,0,,,,0,0,0,,,8,,,,,,0,,0,,,,,,,,1,0,,0,,,0,,0,0,0,,,,,,2,,,,0,0,2,,,,,0,,,,,,,18,,,,,,15,,1,1,,,,1,0,,10,,19,,,,,,,,,5,2,8,,,,,,7,,,
2/3/2020,17372,0,,0,,,,,,0,,11,0,0,,0,,,0,0,,,,,,,,,0,,,,,,1,,4,,,,,,17211,,,,,0,,,,0,,0,,,0,0,0,,,,0,,,,,1,6,,,,0,9,,,0,,,,,,,,,,,,0,2,0,0,0,0,0,,0,3,,20,,,,,,0,,,,0,,,,0,0,0,,,8,,,,,,0,,0,,,,,,,,1,0,,0,,,0,,0,0,0,,,,,,2,,,,0,0,2,,,,,0,,,,,,,18,,,,,,15,,1,1,,,,1,0,,10,,19,,,,,,,,,5,2,11,,,,,,8,,,
2/4/2020,20615,0,,0,,,,,,0,,11,0,0,,0,,,0,1,,,,,,,,,0,,,,,,1,,4,,,,,,20448,,,,,0,,,,0,,0,,,0,0,0,,,,0,,,,,1,6,,,,0,11,,,0,,,,,,,,,,,,0,3,0,0,0,0,0,,0,3,,20,,,,,,0,,,,0,,,,0,0,0,,,8,,,,,,0,,0,,,,,,,,1,0,,0,,,0,,0,0,0,,,,,,2,,,,0,0,2,,,,,0,,,,,,,18,,,,,,16,,1,1,,,,1,0,,10,,19,,,,,,,,,5,2,11,,,,,,9,,,
2/5/2020,24522,0,,0,,,,,,0,,12,0,0,,0,,,0,1,,,,,,,,,0,,,,,,1,,5,,,,,,24320,,,,,0,,,,0,,0,,,0,0,0,,,,0,,,,,1,6,,,,0,11,,,0,,,,,,,,,,,,0,3,0,10,0,0,0,,0,3,,25,,,,,,0,,,,0,,,,0,0,0,,,10,,,,,,0,,0,,,,,,,,1,0,,0,,,0,,0,0,0,,,,,,2,,,,0,0,2,,,,,0,,,,,,,24,,,,,,18,,1,1,,,,1,0,,11,,25,,,,,,,,,5,2,11,,,,,,10,,,
2/6/2020,28273,0,,0,,,,,,0,,13,0,0,,0,,,0,1,,,,,,,,,0,,,,,,1,,5,,,,,,28047,,,,,0,,,,0,,0,,,0,0,0,,,,0,,,,,1,6,,,,0,11,,,0,,,,,,,,,,,,0,3,0,20,0,0,0,,0,3,,25,,,,,,0,,,,0,,,,0,0,0,,,12,,,,,,0,,0,,,,,,,,1,0,,0,,,0,,0,0,0,,,,,,3,,,,0,0,2,,,,,0,,,,,,,28,,,,,,23,,1,1,,,,1,0,,11,,25,,,,,,,,,5,2,12,,,,,,10,,,
2/7/2020,31491,0,,0,,,,,,0,,14,0,0,,0,,,0,1,,,,,,,,,0,,,,,,1,,7,,,,,,31207,,,,,0,,,,0,,0,,,0,0,0,,,,0,,,,,1,6,,,,0,12,,,0,,,,,,,,,,,,0,3,0,61,0,0,0,,0,3,,25,,,,,,0,,,,0,,,,0,0,0,,,14,,,,,,0,,0,,,,,,,,1,0,,0,,,0,,0,0,0,,,,,,3,,,,0,0,2,,,,,0,,,,,,,30,,,,,,24,,1,1,,,,1,0,,16,,25,,,,,,,,,5,3,12,,,,,,12,,,
2/8/2020,34933,0,,0,,,,,,0,,14,0,0,,0,,,0,1,,,,,,,,,0,,,,,,1,,7,,,,,,34625,,,,,0,,,,0,,0,,,0,0,0,,,,0,,,,,1,11,,,,0,13,,,0,,,,,,,,,,,,0,3,0,64,0,0,0,,0,3,,25,,,,,,0,,,,0,,,,0,0,0,,,15,,,,,,0,,0,,,,,,,,1,0,,0,,,0,,0,0,0,,,,,,3,,,,0,0,2,,,,,0,,,,,,,33,,,,,,24,,1,1,,,,1,0,,17,,32,,,,,,,,,7,3,12,,,,,,13,,,
2/9/2020,37552,0,,0,,,,,,0,,14,0,0,,0,,,0,1,,,,,,,,,0,,,,,,1,,7,,,,,,37232,,,,,0,,,,0,,0,,,0,0,0,,,,0,,,,,1,11,,,,0,13,,,0,,,,,,,,,,,,0,3,0,64,0,0,0,,0,3,,25,,,,,,0,,,,0,,,,0,0,0,,,16,,,,,,0,,0,,,,,,,,1,0,,0,,,0,,0,0,0,,,,,,3,,,,0,0,2,,,,,0,,,,,,,40,,,,,,25,,1,1,,,,1,0,,18,,32,,,,,,,,,7,4,12,,,,,,14,,,
2/10/2020,40540,0,,0,,,,,,0,,14,0,0,,0,,,0,1,,,,,,,,,0,,,,,,1,,7,,,,,,40206,,,,,0,,,,0,,0,,,0,0,0,,,,0,,,,,1,11,,,,0,13,,,0,,,,,,,,,,,,0,3,0,70,0,0,0,,0,3,,25,,,,,,0,,,,0,,,,0,0,0,,,18,,,,,,0,,0,,,,,,,,1,0,,0,,,0,,0,0,0,,,,,,3,,,,0,0,2,,,,,0,,,,,,,43,,,,,,27,,2,1,,,,1,0,,18,,32,,,,,,,,,7,4,12,,,,,,14,,,
2/11/2020,43105,0,,0,,,,,,0,,14,0,0,,0,,,0,1,,,,,,,,,0,,,,,,1,,7,,,,,,42696,,,,,0,,,,0,,0,,,0,0,0,,,,0,,,,,1,11,,,,0,13,,,0,,,,,,,,,,,,0,3,0,135,0,0,0,,0,3,,25,,,,,,0,,,,0,,,,0,0,0,,,18,,,,,,0,,0,,,,,,,,1,0,,0,,,0,,0,0,0,,,,,,3,,,,0,0,2,,,,,0,,,,,,,45,,,,,,28,,2,1,,,,1,0,,18,,32,,,,,,,,,8,8,13,,,,,,15,,,
2/12/2020,45177,0,,0,,,,,,0,,14,0,0,,0,,,0,1,,,,,,,,,0,,,,,,1,,7,,,,,,44724,,,,,0,,,,0,,0,,,0,0,0,,,,0,,,,,1,11,,,,0,15,,,0,,,,,,,,,,,,0,3,0,174,0,0,0,,0,3,,25,,,,,,0,,,,0,,,,0,0,0,,,18,,,,,,0,,0,,,,,,,,1,0,,0,,,0,,0,0,0,,,,,,3,,,,0,0,2,,,,,0,,,,,,,47,,,,,,28,,2,1,,,,1,0,,18,,33,,,,,,,,,8,8,13,,,,,,15,,,
2/13/2020,60328,0,,0,,,,,,0,,14,0,0,,0,,,0,1,,,,,,,,,0,,,,,,1,,7,,,,,,59865,,,,,0,,,,0,,0,,,0,0,0,,,,0,,,,,1,11,,,,0,15,,,0,,,,,,,,,,,,0,3,0,174,0,0,0,,0,3,,29,,,,,,0,,,,0,,,,0,0,0,,,18,,,,,,0,,0,,,,,,,,1,0,,0,,,0,,0,0,0,,,,,,3,,,,0,0,2,,,,,0,,,,,,,50,,,,,,28,,2,1,,,,1,0,,18,,33,,,,,,,,,8,9,14,,,,,,16,,,
2/14/2020,64543,0,,0,,,,,,0,,15,0,0,,0,,,0,1,,,,,,,,,0,,,,,,1,,7,,,,,,64021,,,,,0,,,,0,,0,,,0,0,0,,,,0,,,,,1,11,,,,0,15,,,0,,,,,,,,,,,,0,3,0,221,0,0,0,,0,3,,30,,,,,,0,,,,0,,,,0,0,0,,,19,,,,,,0,,0,,,,,,,,1,0,,0,,,0,,0,0,0,,,,,,3,,,,0,0,2,,,,,0,,,,,,,58,,,,,,28,,2,1,,,,1,0,,18,,33,,,,,,,,,8,9,15,,,,,,16,,,
2/15/2020,67103,0,,0,,,,,,0,,15,0,0,,0,,,0,1,,,,,,,,,0,,,,,,1,,8,,,,,,66559,,,,,0,,,,0,,0,,,0,0,1,,,,0,,,,,1,11,,,,0,15,,,0,,,,,,,,,,,,0,3,0,221,0,0,0,,0,3,,38,,,,,,0,,,,0,,,,0,0,0,,,21,,,,,,0,,0,,,,,,,,1,0,,0,,,0,,0,0,0,,,,,,3,,,,0,0,2,,,,,0,,,,,,,67,,,,,,28,,2,1,,,,1,0,,18,,34,,,,,,,,,8,9,15,,,,,,16,,,
2/16/2020,69265,0,,0,,,,,,0,,15,0,0,,0,,,0,1,,,,,,,,,0,,,,,,1,,8,,,,,,68566,,,,,0,,,,0,,0,,,0,0,1,,,,0,,,,,1,11,,,,0,15,,,0,,,,,,,,,,,,0,3,0,355,0,0,0,,0,3,,52,,,,,,0,,,,0,,,,0,0,0,,,22,,,,,,0,,0,,,,,,,,1,0,,0,,,0,,0,0,0,,,,,,3,,,,0,0,2,,,,,0,,,,,,,72,,,,,,29,,2,1,,,,1,0,,18,,34,,,,,,,,,8,9,15,,,,,,16,,,
2/17/2020,71332,0,,0,,,,,,0,,15,0,0,,0,,,0,1,,,,,,,,,0,,,,,,1,,8,,,,,,70618,,,,,0,,,,0,,0,,,0,0,1,,,,0,,,,,1,12,,,,0,15,,,0,,,,,,,,,,,,0,3,0,355,0,0,0,,0,3,,59,,,,,,0,,,,0,,,,0,0,0,,,22,,,,,,0,,0,,,,,,,,1,0,,0,,,0,,0,0,0,,,,,,3,,,,0,0,2,,,,,0,,,,,,,75,,,,,,30,,2,1,,,,1,0,,20,,34,,,,,,,,,9,9,15,,,,,,16,,,
2/18/2020,73327,0,,0,,,,,,0,,15,0,0,,0,,,0,1,,,,,,,,,0,,,,,,1,,8,,,,,,72508,,,,,0,,,,0,,0,,,0,0,1,,,,0,,,,,1,12,,,,0,15,,,0,,,,,,,,,,,,0,3,0,454,0,0,0,,0,3,,59,,,,,,0,,,,0,,,,0,0,0,,,22,,,,,,0,,0,,,,,,,,1,0,,0,,,0,,0,0,0,,,,,,3,,,,0,0,2,,,,,0,,,,,,,77,,,,,,31,,2,1,,,,1,0,,22,,35,,,,,,,,,9,9,15,,,,,,16,,,
2/19/2020,75191,0,,0,,,,,,0,,15,0,0,,0,,,0,1,,,,,,,,,0,,,,,,1,,8,,,,,,74258,,,,,0,,,,0,,0,,,0,0,1,,,,0,,,,,1,12,,,,0,15,,,0,,,,,,,,,,,,0,3,0,542,0,0,0,,0,3,,66,,,,,,0,,,,0,,,,0,0,0,,,22,,,,,,0,,0,,,,,,,,1,0,,0,,,0,,0,0,0,,,,,,3,,,,0,0,2,,,,,0,,,,,,,81,,,,,,46,,2,1,,,,1,0,,22,,35,,,,,,,,,9,9,15,,,,,,16,,,
2/20/2020,75723,0,,0,,,,,,0,,15,0,0,,0,,,0,1,,,,,,,,,0,,,,,,1,,8,,,,,,74652,,,,,0,,,,0,,0,,,0,0,1,,,,0,,,,,1,12,,,,0,15,,,0,,,,,,,,,,,,0,3,0,621,2,0,0,,0,3,,84,,,,,,0,,,,0,,,,0,0,0,,,22,,,,,,0,,0,,,,,,,,1,0,,0,,,0,,0,0,0,,,,,,3,,,,0,0,2,,,,,0,,,,,,,84,,,,,,80,,2,1,,,,1,0,,24,,35,,,,,,,,,9,9,15,,,,,,16,,,
2/21/2020,76719,0,,0,,,,,,0,,17,0,0,,0,,,0,1,,,,,,,,,0,,,,,,1,,9,,,,,,75543,,,,,0,,,,0,,0,,,0,0,1,,,,0,,,,,1,12,,,,0,15,,,0,,,,,,,,,,,,0,3,0,634,5,0,0,,0,3,,93,,,,,,0,,,,0,,,,0,0,0,,,22,,,,,,0,,0,,,,,,,,1,0,,0,,,0,,0,0,0,,,,,,3,,,,0,0,2,,,,,0,,,,,,,85,,,,,,155,,2,1,,,,1,0,,24,,35,,,,,,,,,9,9,16,,,,,,16,,,
2/22/2020,77804,0,,0,,,,,,0,,21,0,0,,0,,,0,1,,,,,,,,,0,,,,,,1,,9,,,,,,76369,,,,,0,,,,0,,0,,,0,0,1,,,,0,,,,,1,12,,,,0,15,,,0,,,,,,,,,,,,0,3,0,634,18,0,0,,1,17,,105,,,,,,0,,,,1,,,,0,0,0,,,22,,,,,,0,,0,,,,,,,,1,0,,0,,,0,,0,0,0,,,,,,3,,,,0,0,2,,,,,0,,,,,,,86,,,,,,345,,2,1,,,,1,0,,26,,35,,,,,,,,,11,9,35,,,,,,16,,,
2/23/2020,78812,0,,0,,,,,,0,,22,0,0,,0,,,0,1,,,,,,,,,0,,,,,,1,,9,,,,,,77016,,,,,0,,,,0,,0,,,0,0,1,,,,0,,,,,1,12,,,,0,15,,,0,,,,,,,,,,,,0,3,0,634,28,0,0,,1,79,,132,,,,,,0,,,,1,,,,0,0,0,,,22,,,,,,0,,0,,,,,,,,1,0,,0,,,0,,0,0,0,,,,,,3,,,,0,0,2,,,,,0,,,,,,,89,,,,,,601,,2,1,,,,1,0,,26,,35,,,,,,,,,13,9,35,,,,,,16,,,
2/24/2020,79339,0,,0,,,,,,0,,22,0,0,,1,,,0,1,,,,,,,,,0,,,,,,1,,9,,,,,,77234,,,,,0,,,,0,,0,,,0,0,1,,,,0,,,,,1,12,,,,0,15,,,0,,,,,,,,,,,,0,3,0,691,43,0,0,,2,132,,144,,,,,,3,,,,1,,,,0,0,0,,,22,,,,,,0,,0,,,,,,,,1,0,,0,,,0,,0,0,0,,,,,,3,,,,0,0,2,,,,,0,,,,,,,89,,,,,,762,,2,1,,,,1,0,,28,,35,,,,,,,,,13,13,35,,,,,,16,,,
2/25/2020,80132,1,,0,,,,,,0,,22,0,0,,2,,,0,1,,,,,,,,,0,,,,,,1,,11,,,,,,77749,,,,,0,,,,0,,0,,,0,0,1,,,,0,,,,,1,12,,,,0,15,,,0,,,,,,,,,,,,0,3,0,691,61,1,0,,2,229,,144,,,,,,5,,,,1,,,,0,0,0,,,22,,,,,,0,,0,,,,,,,,1,0,,0,,,0,,0,2,0,,,,,,3,,,,0,0,2,,,,,0,,,,,,,90,,,,,,892,,3,1,,,,1,0,,30,,37,,,,,,,,,13,13,53,,,,,,16,,,
2/26/2020,80995,1,,1,,,,,,0,,22,2,0,,23,,,0,1,,,,,,,,,1,,,,,,1,,11,,,,,,78159,,,,,1,,,,0,,0,,,0,0,1,,,,0,,,,,1,14,,,,0,17,,,0,,,,,,,,,,,,0,3,0,691,95,5,0,,2,322,,164,,,,,,11,,,,1,,,,0,0,0,,,22,,,,,,0,,0,,,,,,,,1,0,,0,,,0,,0,4,0,,,,,,3,,,,0,0,2,,,,,0,,,,,,,91,,,,,,1146,,7,1,,,,1,1,,31,,40,,,,,,,,,13,13,53,,,,,,16,,,
2/27/2020,82101,1,,1,,,,,,0,,23,2,0,,33,,,0,1,,,,,,,,,1,,,,,,1,,12,,,,,,78598,,,,,2,,,,0,,1,,,0,0,1,,,,0,,,,,2,17,,,,1,21,,,1,,,,,,,,,,,,0,3,0,705,139,5,0,,2,400,,186,,,,,,26,,,,2,,,,0,0,1,,,22,,,,,,0,,0,,,,,,,,1,0,,0,,,0,,1,4,2,,,,,,3,,,,0,1,2,,,,,0,,,,,,,93,,,,,,1595,,12,1,,,,2,1,,32,,40,,,,,,,,,13,13,59,,,,,,16,,,
2/28/2020,83365,1,,1,,,,,,0,,23,5,0,,33,,,1,1,,,,,,,,,1,,,,,,1,,14,,,,,,78927,,,,,3,,,,0,,1,,,0,0,1,,,,1,,,,,2,38,,,,1,47,,,3,,,,,,,,,,,,0,3,0,705,245,6,0,,3,650,,210,,,,,,43,,,,3,,,,1,0,1,,,23,,,,,,0,,0,,,,,,,,1,1,,1,,,1,,4,6,2,,,,,,3,,,,0,1,2,,,,,1,,,,,,,96,,,,,,2022,,25,1,,,,7,8,,34,,40,,,,,,,,,19,16,60,,,,,,16,,,
2/29/2020,85203,1,,1,,,,,,0,,25,7,1,,38,,,1,1,,,,,,,,,1,,,,,,1,,16,,,,,,79355,,,,,5,,,,0,,2,,,0,0,1,,,,1,,,,,3,57,,,,2,57,,,4,,,,,,,,,,,,1,3,0,705,388,7,0,,7,888,,230,,,,,,45,,,,3,,,,1,0,1,,,25,,,,,,2,,1,,,,,,,,1,2,,1,,,1,,6,6,2,,,,,,3,,,,0,3,2,,,,,1,,,,,,,98,,,,,,2931,,34,1,,,,12,12,,39,,42,,,,,,,,,19,18,66,,,,,,16,,,
3/1/2020,87026,1,,3,,,,,,1,,26,10,1,,41,,,1,1,,,,,,,,,2,,,,,,1,,20,,,,,,79929,,,,,5,,,,0,,3,,,0,1,1,,,,1,,,,,3,100,,,,3,111,,,7,,,,,,,,,,,,1,3,0,705,593,13,1,,7,1128,,239,,,,,,45,,,,4,,,,1,1,1,,,25,,,,,,4,,1,,,,,,,,1,7,,1,,,1,,15,6,4,,,,,,3,,,,1,3,2,,,,,1,,,,,,,102,,,,,,3526,,66,1,,,,13,18,,40,,42,,,,,,,,,21,23,69,,,,,,16,,,
3/2/2020,89068,1,,3,,,,,,1,,29,14,3,,47,,,1,2,,,,,,,,,2,,,,,,1,,24,,,,,,80134,,,,,7,,,,3,,4,,,1,6,2,,,,1,,,,,6,130,,,,3,129,,,7,,,,,,,,,,,,3,3,2,705,978,19,1,,10,1689,,254,,,,,,46,,,,10,,,,1,1,1,,,29,,,,,,5,,1,,,,,,,,1,13,,1,,,1,,19,6,4,,,,,,3,,,,3,3,2,,,,,8,,,,,,,106,,,,,,4212,,83,1,,,,14,24,,40,,43,,,,,,,,,21,36,89,,,,,,16,,,
3/3/2020,90865,,,,1,,,,,,,33,18,,,,,,,8,,,,,,,,,2,,,,,,,,27,,,,,,80261,,,,,8,,,,5,,5,,,,7,,,,,,,,,,,178,,,,,157,,,,,,,,,,,,,,,6,5,,,1501,21,,,,2036,,254,,1,,,,56,,,1,13,,,,,,,,,,,,,,,,,,,,,1,,,,,18,,,,,,,25,7,,,,,,,,,2,,,,3,,,,,,,1,1,,,,108,1,,,,,4812,,114,,,,,15,30,,41,,,,,,1,,,,,,40,103,,,,,,,,,
3/4/2020,93077,,,5,,,,,1,,,41,24,,,49,,,4,13,,,,,,,,,2,,,,,,,,30,,,,,1,80380,,,,,9,,,,5,,8,,,,,,,,,2,,,,,7,212,,,,,196,,,,,,,,,,,,,,,16,6,,,2336,26,2,,,2502,,268,,,,,,,,,,,,,,,,,,,36,,,,,,,,,,,,,,,,,28,,2,,,,,33,,5,,,,,,,1,4,,8,4,4,,,,,10,,,,,,,110,,,,,,5328,,151,,,,,24,37,,42,,,,,,,,,,1,27,51,125,,,,,,,,,
3/5/2020,95316,,,12,,,,,,,,52,29,,,52,,,6,23,,,,,,,,,3,,,,,,,,33,,,,,3,80497,,,,,,,,,8,,10,,,,10,,,,,,,,,,,285,,,,3,262,,,10,,,,,,,,,,,2,26,28,,,2922,31,6,,15,3089,,317,,,,,,,,,,,,,1,,,,,,50,,,,,,,,,,,,,,,,,38,,3,,,,,56,15,,,,,,,,,5,,,,4,,,,,15,,,3,,,,112,,,1,,,5766,,200,,,,,35,57,,,,47,,,,,,,,,,85,159,,,,,,,,,
3/6/2020,98172,,,17,,,,,2,,,59,41,6,,52,,,,50,,,,1,,,2,,8,,,,,,,,45,,,,,4,80667,,,,,10,,,,12,,20,,,,13,3,,,,5,,,,,12,423,,,,9,400,,,32,,,,,,,,,,,,35,29,,,3513,38,13,,17,3858,,349,,,,,,58,,,,16,,,,,,,,,50,,,,,,,,,,,,2,,,,,82,,4,,,,,86,16,,7,,,,,,,9,,,6,4,,,,,22,,5,4,,,,117,,,6,,1,6284,,261,,,,,61,87,,44,,,,,,,,,,,29,115,233,,,,,,,,,
3/7/2020,102133,,,,,,,,8,,,63,74,9,,56,,,,109,,,,,,,,,13,,,,,,,1,51,,,,,5,80768,1,,1,,11,,,,19,,23,,,2,,15,,,,10,,,,,19,613,,,,,684,,,45,,,,,,,,,,,4,43,31,4,,4747,,18,,19,4636,,408,,,,,,,,,,22,,,,,3,3,,,83,,,,,,,,,,,,,,,,,128,,5,,,,,113,,6,16,,,,1,5,5,13,,11,7,10,,,,,23,,,,1,,,130,,1,9,,,6767,,374,,,,,137,209,,45,,50,,1,,,,,,,,163,338,,,,1,,17,,,
3/8/2020,105824,4,,,,,,,9,,,74,99,,,63,,,,169,,,,,,,,,13,,,2,,,2,,57,,,,,,80814,,,,,12,,,,26,,31,,,,,,,,,,,,,,,716,,,,12,847,,,66,,,,,,,,,,,7,53,34,,,5823,54,19,,25,5883,,455,,1,,,,61,,,2,,,,,,,,,,93,2,,3,,,,1,,,,,,,,,,188,,,,,,,147,,,19,,,1,,6,6,21,,12,13,10,,,,,26,,7,,,,,138,,3,12,,2,7134,,430,,,,,161,264,,45,,,,,,,,,,,45,206,433,,,,,,21,,,
3/9/2020,109695,,2,20,,,,,12,,,80,102,,,79,3,,,200,,,,,,,,,25,,,4,,,,2,62,,,,,10,80859,,,5,,,,,,32,,38,,,,14,49,,,,,,,,,30,1126,,,,13,902,,,73,,,,,,,,,,,8,55,,6,,6566,61,21,,39,7375,,488,,,,,,64,,,3,32,,,,,5,,,,99,4,,,,,7,,,,,,,,,,,265,,,,,,,169,,,,,,,7,10,11,30,,15,15,10,,,,,37,,11,,,,,150,,5,16,,3,7382,,589,,,,,203,332,,45,,,,,,,,,,,,273,554,,,,,,30,,,
3/10/2020,114232,,6,,,,,,,,,100,131,,,109,,,,239,,,,,,,,,25,,1,,,,,,77,,,,,13,80879,3,,9,,,,,2,40,,113,,,5,15,55,,,,,,,,,40,1412,,,,15,1139,,,84,,,,,,,,,,,9,65,44,,696,7161,,,,,9172,,514,,,,,,65,,,6,41,,,,,,,,,117,,,4,,,,,,1,,,,,,,,321,,,,,2,,192,18,16,20,1,,,9,33,17,39,,18,17,10,,,,,49,,15,,,,,160,,,,,7,7513,,1204,,,,,248,374,,,,,,,,2,,,,,59,321,754,,,,,,31,,,
3/11/2020,118610,7,10,,,,,,19,,,112,182,11,,110,,,9,267,,,,,,,,,34,,,,2,,,,93,,,,,17,80908,,,13,,13,,,,63,1,264,,,,17,59,,,,13,,,,,,1784,,,,23,1296,,,90,,,,,,,,,,,12,70,50,19,,8042,61,35,,70,10149,,568,,,,,,69,,,8,41,,,,3,7,7,,,129,6,,,,,,3,,,,,,,,,,382,,,,,,,277,18,16,29,7,,5,11,33,22,41,,24,25,10,,,,,62,,20,,5,,,166,,7,31,,,7755,,1639,,,,,326,490,,48,,59,,,,5,,,,,74,373,1025,,,,,,35,,,
3/12/2020,125497,,11,20,,,,,,4,,126,246,13,,162,,,12,314,,,,,2,,3,,52,,11,7,2,,3,,103,,,,,23,80932,9,,22,1,16,3,,6,94,,516,,,,,60,,,,16,,,,,59,2281,,,,24,1567,,,99,,,,,,,,,,2,13,85,73,34,,9000,70,43,,82,12462,2,619,,,,,,72,,,10,61,,,3,3,7,,,,149,8,,6,,,11,4,,,,,5,,,,,503,,,,,,,489,,20,30,14,,,17,49,31,59,,262,45,25,,,,,66,,45,,18,,,178,,10,57,,13,7869,,2140,2,,,,462,642,,48,,70,,,,7,1,,,,,456,1312,,,,,,39,,,
3/13/2020,133853,,23,25,,,,,31,6,2,156,361,13,,162,,,21,399,,,,1,3,,3,,77,,25,23,,,5,,138,,,,,33,80954,,,23,,25,,1,,116,,676,,,,,80,,,,27,,,,,155,2876,,1,,25,2369,2,,133,,,,,,,,1,,,16,117,75,,,10075,74,70,,96,15113,6,675,,,,,,80,,,16,66,,,4,,26,9,,,158,,,9,,,16,6,,,,,6,,,,,614,,,,,,,621,,21,,27,,6,22,52,49,78,,,64,30,,,,1,67,,62,6,24,,,187,,21,96,,17,7979,,3004,3,,,,620,854,,49,,,,,1,13,2,,,3,85,590,1663,,,,,,44,,,
3/14/2020,143255,,33,26,2,,,,34,13,,197,504,,,210,,,,559,,,,,10,,,,98,,37,31,,,,,176,,,,,43,80973,16,,26,,31,4,,14,150,2,804,,,11,23,93,,,,79,1,,,,183,3661,,,,30,3062,,,190,,,,,,1,,,,3,25,117,83,69,,11364,85,91,,116,17660,8,737,,,,1,,100,,,19,,,,4,6,38,13,,,197,9,,12,,,26,8,,,,,7,,,,,804,,6,,,,,621,20,21,35,36,,7,38,64,68,112,,320,89,45,,,,,73,,86,19,41,,,200,,30,141,,24,8086,,4231,6,1,,,775,1121,,53,,82,,,2,16,,,,,,707,2174,,,,,,49,,,
3/15/2020,154774,10,38,37,,,,1,45,20,,249,655,19,,211,3,,,689,,,,1,10,,,,121,,40,41,3,,7,3,244,,,,,61,80995,34,,27,4,37,4,,21,214,2,827,,,11,28,93,,1,,115,1,,,,210,4499,,1,,30,3795,2,,228,,,,1,,1,,,,,31,138,90,96,,12729,85,129,,178,21157,,780,,1,6,1,,104,,,26,93,,,4,9,,,,,238,9,,18,1,,41,20,3,1,,,18,,,2,1,959,,8,,,2,,907,20,30,38,43,,,43,111,104,169,,337,113,59,1,,2,,92,,86,21,46,2,,214,,44,181,,24,8162,,5753,11,1,1,1,924,1359,,59,,82,,1,2,16,,,,,85,1140,2951,,6,,,10,53,,,
3/16/2020,167418,16,42,48,5,,,,56,30,,298,860,19,1,214,,,27,886,,,,,,,18,,200,,50,51,3,,12,4,304,,,1,,75,81020,45,1,35,4,48,,,30,298,2,875,,,11,37,110,,1,,171,4,,,,267,5423,,1,,30,4838,2,,331,,,,1,,,,4,,6,39,178,93,117,,13938,124,169,,250,23980,10,814,,15,9,3,2,112,,,31,99,,,7,14,77,13,,,428,13,,21,1,,53,23,7,,,,28,,,2,,1135,,,,,2,,1077,22,31,38,43,,8,71,140,125,245,,401,139,63,5,,2,,98,,118,26,55,3,,226,,61,219,,51,8236,,7753,19,1,,1,1032,2200,,59,,114,,1,4,18,18,,,3,86,1391,3774,,8,6,1,15,57,,,
3/17/2020,180094,21,51,58,14,,,,65,52,,375,1016,19,1,221,5,,36,1085,,1,,1,11,,21,,234,,54,62,20,,24,4,424,,,1,,156,81063,57,1,41,5,56,,,40,344,3,932,,,11,58,126,,1,,205,5,,,,272,6633,,1,,33,6012,6,,352,,,,6,,1,,4,,8,50,199,125,134,,14991,124,223,,260,27980,10,824,,16,11,3,2,123,,,36,120,1,,7,17,81,19,,,553,13,,30,1,,82,29,9,,,,37,,0,2,1,1413,,,,,2,,1169,24,187,39,69,,9,86,142,177,331,,439,184,93,5,,2,,102,,133,27,57,4,,243,,84,253,1,62,8320,,9191,29,1,,1,1121,2200,,67,1,177,,1,5,20,47,,,5,98,1543,4661,,29,8,1,33,61,,,
3/18/2020,194836,22,55,60,14,,,,79,78,,454,1332,28,,237,8,1,36,1243,,1,,1,12,,21,,291,,56,81,20,,24,10,569,,,1,,201,81086,65,1,50,5,69,7,,40,434,3,1024,,,11,111,166,,1,,225,5,,,,319,7730,,1,1,34,7156,6,,387,,,,6,,1,,4,,9,50,247,137,172,,16169,154,292,,427,31506,13,829,,35,33,4,19,130,,,61,120,2,,7,25,140,31,,,673,13,,38,1,,93,30,9,4,2,,44,,,2,1,1705,,20,,,3,,1308,24,187,41,86,,11,117,187,238,448,,442,217,114,7,,2,,104,,133,31,72,4,,266,,97,275,1,85,8413,,11178,42,1,,1,1167,2650,,77,1,177,,1,7,24,98,,,14,113,1950,6427,,50,16,1,33,61,,,
3/19/2020,213149,22,59,72,53,,,,97,115,,565,1646,34,,256,10,1,46,1486,,1,,1,12,,36,,428,,68,92,26,,24,10,690,,,1,,238,81130,102,3,69,6,81,11,,58,522,14,1115,1,,21,168,196,1,3,,258,6,,,,369,9134,3,3,1,34,8198,7,,418,,,3,8,,1,,5,,12,73,250,165,172,,17361,164,366,,433,35713,15,873,,52,37,7,19,142,3,,71,133,2,,25,33,210,42,,,790,13,,48,1,,118,36,9,5,8,,54,,,2,1,2051,,28,1,,8,,1423,39,302,44,109,,11,145,202,287,642,,452,260,147,11,,2,,109,,171,36,94,6,,313,,107,286,1,116,8565,,13716,42,2,,1,1301,3010,,108,3,177,,1,9,29,191,,,19,113,2630,9415,,79,23,1,33,76,,2,
3/20/2020,242372,22,70,90,75,,,,128,122,4,709,2196,44,3,269,10,2,57,1795,,2,2,1,15,,44,,621,,73,105,33,,24,14,846,,1,1,1,342,81229,128,3,87,9,104,16,3,58,694,14,1151,1,,21,199,210,1,4,,267,7,72,,1,400,10995,3,3,1,40,14138,11,10,464,2,,12,9,1,1,,5,2,24,85,330,191,227,,18407,177,557,,677,41035,16,950,5,56,49,7,21,148,6,,86,149,2,,25,48,345,48,,,900,13,,53,2,3,164,49,11,5,13,,63,,,2,1,2460,,39,1,,8,,1552,39,478,47,137,,13,234,230,355,785,,460,277,199,11,,2,,126,,238,36,126,6,,345,,123,319,1,150,8652,,17147,53,2,,1,1423,3888,,108,3,212,,1,9,39,359,,,26,140,3277,14250,,94,23,1,33,85,,2,
3/21/2020,271114,24,70,102,75,,,1,158,136,,874,2649,44,4,285,17,6,57,2257,,2,2,2,19,,44,,904,,78,127,40,,47,27,971,2,3,1,1,434,81281,158,3,113,14,126,21,,67,904,14,1255,1,,34,426,256,3,4,,283,9,80,,1,450,12612,15,3,1,43,18187,16,10,495,2,,14,13,1,2,,5,2,24,103,409,231,309,,19644,193,683,1,712,47021,19,1007,12,69,53,7,24,159,6,,111,163,2,,34,69,484,70,3,,1030,13,,64,2,12,203,66,12,6,14,1,86,,,3,1,2994,2,53,1,1,12,,1742,48,495,48,200,1,18,263,230,425,1020,,470,308,253,17,,2,,151,,274,47,135,7,,385,,137,341,1,205,8799,,19980,66,2,1,1,1623,4840,,135,3,366,,9,9,54,670,,,26,140,3983,19624,,110,33,1,36,87,,2,1
3/22/2020,305233,24,76,139,88,2,,1,225,160,,1098,3024,53,4,306,24,14,76,2815,,2,2,2,20,,92,,1128,,83,163,64,,51,27,1302,3,3,3,2,537,81346,210,4,117,17,206,25,,84,995,23,1326,1,,112,532,285,3,6,1,306,9,92,,2,521,14459,17,3,1,49,21463,21,10,530,2,,15,17,1,2,,5,2,26,131,473,320,450,,20610,214,785,2,883,53578,19,1046,12,84,56,7,24,176,14,,124,230,3,,36,105,670,85,3,,1183,13,,73,2,14,251,80,18,10,14,1,96,,,3,1,3631,4,66,1,1,22,,1926,52,646,52,245,1,22,318,380,536,1280,,481,367,306,17,,2,,151,,392,56,149,7,,432,,178,383,1,240,8897,,24926,78,2,5,1,1746,6077,,153,6,599,1,15,49,60,947,,1,41,153,5018,26747,,135,33,1,36,94,,2,2
3/23/2020,338232,34,89,201,113,2,,1,266,190,,1709,3631,65,4,334,27,17,76,3401,,2,6,2,27,,125,,1546,,88,185,64,,86,27,1430,3,3,4,2,632,81484,235,4,134,25,235,35,,95,1165,26,1395,1,1,202,789,294,3,6,1,326,11,115,,3,626,16018,18,6,1,54,24774,24,15,624,2,1,27,19,17,2,,5,2,27,167,568,439,514,,21638,233,906,2,1071,59138,19,1089,15,99,60,15,31,188,14,,139,248,3,,46,143,798,114,3,,1306,13,,90,2,28,316,94,23,10,21,1,115,1,,3,1,4204,5,102,2,1,30,,2132,55,784,59,313,1,22,363,380,634,1600,,494,433,438,19,,2,,151,,511,67,188,7,,455,,185,414,1,274,8961,,28572,87,2,5,4,1906,6971,1,165,12,721,1,15,50,75,1236,,1,47,153,5683,35206,,158,46,1,36,118,,3,2
3/24/2020,377959,40,100,230,133,2,,1,301,194,12,1823,4486,72,4,339,33,17,81,3743,1,5,6,2,28,,129,,1891,,91,201,75,,87,56,1646,3,3,4,2,746,81553,306,4,158,25,306,40,6,116,1236,26,1460,3,1,245,981,327,5,9,1,352,11,118,,4,700,19856,23,6,2,61,29212,27,15,695,4,1,29,20,20,2,,5,5,30,187,588,492,579,,23049,266,1125,13,1442,63927,19,1128,18,112,62,16,61,189,16,,180,267,3,,46,179,875,136,17,,1518,13,,107,2,36,367,109,23,10,27,1,134,1,2,3,2,4749,7,142,2,2,40,,2371,66,887,59,345,1,27,395,462,749,2060,,501,576,438,36,,2,,187,,562,79,222,7,,509,,191,442,1,402,9037,,33089,97,2,6,4,2016,8015,1,195,12,827,1,18,51,89,1529,,9,73,198,6650,46442,17,162,49,1,84,123,,3,2
3/25/2020,416878,42,123,264,164,2,,3,387,265,17,2423,5282,87,4,390,39,18,81,4269,1,5,6,2,32,,162,,2201,,104,220,99,,91,72,1959,3,3,4,3,922,81631,378,4,177,73,382,48,,124,1394,45,1591,3,2,312,1082,366,9,9,1,369,11,122,,5,792,22302,25,6,3,70,31554,53,15,743,4,1,32,21,23,4,,5,7,36,226,648,562,686,,24811,316,1329,23,1930,69176,21,1193,18,127,79,25,63,191,42,2,197,304,3,1,47,209,1099,148,19,,1624,13,,120,2,42,405,125,27,10,47,1,170,1,3,3,3,5560,9,189,2,7,44,,2566,84,991,60,443,1,37,416,552,901,2362,,526,762,495,40,,2,1,187,,767,86,249,7,,558,,204,480,1,557,9137,,39673,102,3,8,4,2272,8789,1,216,12,934,1,18,57,114,1872,1,9,84,248,8077,55231,17,189,55,1,91,134,,3,2
3/26/2020,468087,75,146,302,188,2,,3,502,290,19,2799,5888,93,5,419,39,18,86,4937,2,5,6,3,39,,181,,2433,,107,242,114,,96,72,3385,4,3,4,3,1142,81733,470,4,201,80,418,57,6,132,1654,45,1724,12,7,392,1211,442,13,11,4,404,12,132,,5,880,25233,25,6,3,73,36508,68,26,821,5,1,37,24,30,4,,5,8,52,261,737,649,790,,27017,346,1564,23,2369,74386,25,1268,18,153,88,25,71,195,44,2,221,333,3,1,51,274,1333,177,19,,1796,13,2,129,2,48,475,149,31,10,53,1,225,5,3,4,3,6412,14,262,2,7,51,,2916,99,1057,62,588,1,41,558,636,1051,2995,,537,906,658,41,2,3,1,208,,900,99,303,7,,568,2,216,528,1,709,9241,,47610,102,3,8,4,2510,9714,1,235,12,1045,1,23,60,173,2433,1,14,113,333,9529,69194,17,217,65,1,106,148,,12,3
3/27/2020,527829,75,174,367,224,3,2,7,589,329,28,3166,7029,122,9,458,48,24,86,6235,2,6,15,3,61,,181,,2915,2,114,264,146,,98,88,4018,5,6,5,5,1306,81827,491,4,231,96,495,67,7,146,2062,54,1877,12,11,488,1403,456,13,12,6,538,12,140,,5,958,29155,30,7,3,79,42288,132,35,892,6,7,49,25,34,5,2,5,8,67,300,802,724,893,,29406,382,1819,26,2666,80539,26,1364,32,172,120,31,79,208,44,6,244,368,3,1,56,299,1453,201,23,,2031,13,4,134,3,81,585,177,33,11,67,5,275,7,5,8,3,7431,15,338,2,10,65,,3156,109,1197,84,674,1,52,580,707,1221,3544,,549,1029,840,50,2,3,1,218,,1012,105,384,7,,594,2,226,577,2,927,9332,,56188,106,3,8,6,2806,10714,5,252,13,1136,1,24,65,173,3629,2,14,156,333,11658,85991,17,238,83,5,107,153,,14,3
3/28/2020,591794,91,186,409,267,4,2,7,690,372,28,3378,7697,165,9,466,48,24,94,7284,2,6,17,3,74,,229,,3417,2,115,293,146,,102,88,4675,5,8,5,5,1610,81946,539,4,263,101,586,80,8,162,2279,58,2046,13,11,581,1627,495,13,13,6,575,16,144,,5,1025,32964,30,7,3,81,48582,137,55,966,9,7,51,32,36,5,2,5,8,95,343,890,873,1046,,32332,458,2121,29,3035,86498,26,1499,52,212,193,31,86,225,58,6,280,391,3,1,60,358,1605,219,24,,2161,14,4,139,3,94,717,199,42,11,75,5,345,7,5,8,3,8603,15,416,2,10,81,,3581,131,1197,91,786,1,56,635,803,1389,4268,64,562,1292,1036,54,2,3,1,223,,1104,119,457,7,,732,3,295,632,3,1170,9478,,64059,106,3,8,9,3046,12104,5,267,13,1136,1,25,66,227,5698,2,14,218,405,14543,104686,19,238,104,5,119,169,,16,5
3/29/2020,656913,106,197,454,308,4,2,7,745,424,28,3809,8291,182,11,473,48,26,94,9134,2,6,22,4,81,,257,,3904,2,120,331,180,,103,99,5386,5,8,6,5,1909,82059,608,19,295,140,657,119,8,179,2663,58,2201,15,11,719,1835,536,19,13,6,640,16,155,,5,1218,37575,34,7,3,85,52547,141,56,1061,10,9,55,34,39,8,2,8,8,110,408,963,979,1155,,35408,506,2415,32,3619,92472,32,1693,61,235,229,38,88,235,84,6,305,412,3,1,61,394,1831,241,28,,2320,16,9,149,5,102,848,231,43,12,84,5,358,8,8,8,5,9762,15,476,3,10,97,,3845,152,1408,97,901,1,59,671,1075,1638,5170,100,590,1452,1264,60,2,4,1,224,,1203,130,659,7,,803,3,295,691,3,1187,9583,,72248,115,5,8,9,3447,13152,5,283,13,1245,1,28,74,227,7402,5,30,311,468,17089,124665,22,304,133,6,119,223,,28,7
3/30/2020,715415,114,212,511,334,7,2,7,820,424,50,4093,8813,209,14,500,49,33,94,10836,2,6,22,4,96,,323,,4256,2,126,346,180,,107,99,6255,5,8,6,5,2139,82157,702,19,314,165,713,139,9,214,2829,81,2395,19,11,859,1890,576,30,14,12,679,16,159,,5,1218,40174,35,7,3,90,57298,152,65,1156,10,9,56,36,45,8,2,8,15,139,447,1020,1071,1285,,38309,547,2615,42,4247,97689,34,1866,63,259,284,42,91,255,84,6,376,438,3,8,62,484,1950,259,37,,2470,17,18,151,5,110,993,263,46,12,85,5,479,8,8,11,5,10866,15,552,3,10,97,,4102,167,1526,106,989,1,64,852,1418,1862,5962,127,634,1760,1534,70,7,9,1,229,,1229,142,741,8,,844,3,336,730,3,1280,9661,,78797,120,5,8,9,3700,14274,9,306,14,1388,1,30,78,278,9217,5,33,418,468,19522,143025,30,309,145,6,119,228,,29,7
3/31/2020,777206,141,223,584,370,7,2,7,966,482,,4557,9618,273,14,515,49,34,105,11899,3,6,27,4,107,,353,,4579,3,127,359,222,,109,142,7424,5,12,6,7,2449,82241,798,19,330,168,790,170,,230,3002,98,2577,26,11,901,1966,609,32,14,12,715,23,168,,5,1313,44550,36,7,4,98,61913,152,69,1212,10,9,60,36,45,16,2,8,15,141,492,1086,1251,1414,,41495,630,2910,42,4473,101739,38,1953,63,268,325,50,106,266,84,9,376,446,3,8,64,484,1988,285,44,,2626,17,18,156,5,128,1094,298,49,12,91,5,556,8,14,11,5,11750,16,647,4,20,131,2,4226,179,1625,115,1075,1,65,950,2084,2055,6408,174,693,1952,1836,70,7,9,1,229,,1453,162,741,10,,844,,336,763,3,1326,9786,,85195,120,6,8,9,4028,15412,10,306,19,1651,1,34,85,312,10827,5,33,480,611,22141,164620,,320,149,6,135,229,,35,7
4/1/2020,851613,166,243,716,376,7,2,7,966,532,55,4707,10182,298,15,567,51,34,152,12775,3,8,32,4,115,,413,3,5717,3,129,399,246,2,109,193,8536,6,14,6,7,2738,82295,906,22,347,168,867,186,11,262,3308,98,2860,31,11,1109,2302,656,32,15,15,745,25,169,,5,1384,52128,37,16,4,110,67366,152,69,1314,10,9,69,38,60,16,8,12,15,172,525,1135,1397,1528,,44606,694,3235,52,4916,105792,38,1953,81,274,340,59,112,289,107,9,398,463,3,10,68,533,2178,329,46,,2766,18,18,167,5,143,1215,353,52,12,109,,617,8,15,11,5,12595,16,647,5,20,131,6,4447,192,2039,117,1181,1,69,1065,2084,2311,7443,239,781,2245,2337,75,8,13,1,230,,1563,175,900,10,1,879,6,363,814,3,1353,9786,,94417,122,7,10,9,4435,16108,10,322,19,1651,1,34,87,362,13531,5,44,549,664,25150,189618,30,338,173,6,135,229,,35,8
4/2/2020,928490,192,259,847,390,8,2,7,1133,571,55,4976,10711,359,21,569,54,45,152,13964,3,13,32,5,123,2,464,4,6836,3,131,422,261,2,110,233,9595,6,22,8,7,3031,82395,1065,22,375,190,963,212,11,320,3589,123,3107,34,12,1284,2758,710,41,15,18,779,29,173,,7,1446,56989,37,18,4,115,73522,195,69,1375,10,10,77,46,78,30,9,19,16,219,585,1220,1965,1677,,47593,694,3447,65,5591,110574,44,2178,81,278,348,81,112,317,112,10,446,479,6,10,72,581,2319,354,54,,2908,19,28,188,5,154,1378,423,55,14,123,5,654,10,16,13,5,13614,16,723,5,74,151,6,4665,210,2291,134,1317,1,69,1323,2311,2554,8251,286,835,2460,2777,82,8,13,2,236,,1720,190,1060,10,1,1000,16,400,841,5,1380,9976,,102136,143,7,10,9,4947,17070,10,339,20,1771,1,36,89,394,15679,5,44,794,664,29474,216721,30,338,187,6,143,235,,36,8
4/3/2020,1006076,235,277,986,428,8,3,9,1133,663,60,5224,11129,400,24,643,56,45,254,15348,3,13,35,5,132,2,532,4,7910,3,133,457,288,3,114,271,11268,6,28,8,7,3404,82465,1161,41,396,194,1011,233,11,356,3858,123,3386,41,12,1380,3163,779,46,15,22,858,29,177,,7,1518,59105,37,18,4,121,79696,204,88,1514,10,10,82,47,91,52,9,19,18,222,623,1319,2301,1790,,50468,772,3849,71,6252,115242,47,2617,81,299,386,110,125,342,125,10,458,494,6,11,75,649,2487,354,59,3,3116,19,36,195,6,169,1510,505,60,14,144,5,708,10,20,13,5,14697,16,772,5,74,174,8,4935,231,2291,155,1475,1,77,1414,2633,2946,9034,316,949,2738,3548,82,8,13,2,245,,1885,195,1171,10,2,1049,23,426,897,5,1462,10062,,110238,148,7,10,9,5466,18194,16,339,21,1875,1,39,97,455,18135,5,45,804,1024,33718,245540,33,369,190,6,144,239,,39,8
4/4/2020,1087836,235,304,1171,439,8,3,15,1265,736,62,5548,11525,443,24,643,61,45,351,16770,4,16,35,5,139,2,586,4,9056,3,133,485,288,3,114,509,12519,6,29,8,7,3737,82527,1267,41,416,218,1079,269,11,396,4190,134,3757,41,14,1488,3368,779,56,16,22,961,35,179,1,12,1615,64338,39,21,4,148,85778,205,95,1613,10,12,87,50,114,52,15,23,18,264,678,1364,2902,1986,,50468,772,4273,114,7428,119827,53,2935,118,299,460,122,126,342,144,10,493,494,7,11,75,771,2612,430,65,3,3333,19,39,202,6,186,1688,591,64,14,174,5,708,10,20,14,6,15723,18,824,5,98,190,8,5208,231,2291,155,1673,1,96,1595,3018,3383,9886,378,949,3183,4149,89,9,13,7,251,,1885,207,1476,10,2,1114,23,450,934,5,1505,10156,,117710,151,7,10,9,6078,19227,16,355,21,1978,1,40,100,455,20921,5,48,987,1024,38168,277965,40,386,227,7,144,239,,39,9
4/5/2020,1174315,270,333,1251,466,10,3,15,1451,770,64,5687,11766,521,28,688,70,51,394,18431,4,16,37,5,157,2,632,4,10278,3,135,503,302,3,114,555,13882,7,35,9,8,4161,82575,1406,45,435,245,1126,288,11,426,4472,154,4077,51,14,1578,3465,985,62,16,29,1018,38,181,1,12,1882,68605,40,21,4,157,91714,214,98,1673,10,12,93,61,136,111,18,24,21,268,733,1417,3374,2092,,55743,878,4604,126,8018,124632,55,3271,123,323,460,126,132,479,144,10,509,520,10,18,77,771,2729,483,71,4,3483,19,41,213,6,196,1890,752,66,14,201,6,919,10,21,14,6,16627,18,872,5,120,210,8,5510,277,2450,,1801,1,104,1746,3094,3627,10524,452,1325,3613,4731,102,10,14,7,259,,2179,219,1624,10,4,1189,23,471,977,7,1585,10237,,124736,159,10,10,9,6443,20201,16,363,21,2169,1,41,103,495,23934,5,48,1096,1505,41903,312237,40,400,266,7,144,240,,39,9
4/6/2020,1245596,299,361,1320,501,14,3,15,1554,822,64,5744,11983,584,29,700,88,56,564,19691,5,22,37,5,183,2,663,6,11130,3,135,531,345,3,114,650,15496,7,39,9,9,4471,82642,1485,45,454,261,1182,320,11,446,4587,154,4369,59,14,1745,3646,1070,69,16,29,1097,43,181,2,14,1927,70478,41,21,4,174,95391,214,103,1735,11,12,110,70,154,121,18,29,21,298,744,1486,4067,2273,,58226,961,5111,127,8430,128948,58,3654,155,345,531,142,140,556,216,11,533,527,13,18,78,811,2804,483,72,4,3662,19,45,234,6,227,2143,864,73,14,214,6,1021,10,21,16,9,17851,18,911,5,184,232,8,5640,298,3277,217,1988,1,113,2281,3246,4102,11278,475,1604,3864,5389,104,10,14,7,266,,2385,222,1908,10,6,1309,25,485,997,7,1655,10284,1,130759,166,12,10,9,6830,21022,19,363,22,2220,1,44,104,553,27069,5,52,1251,1799,47806,337635,42,406,342,7,148,241,,39,9
4/7/2020,1316986,337,377,1423,526,16,3,15,1628,833,71,5844,12297,641,33,756,123,60,700,20814,7,26,39,5,194,2,695,6,12056,3,135,549,364,3,115,658,16653,7,39,9,9,4815,82698,1579,45,467,323,1222,350,13,465,4822,161,4681,90,15,1828,3747,1073,78,16,31,1108,44,183,2,14,2176,74390,41,21,4,188,99225,287,109,1755,11,12,112,74,165,128,33,31,24,305,817,1562,4421,2491,,60500,1031,5364,139,8904,132547,59,3817,169,349,670,158,145,665,228,12,542,541,14,18,78,843,2843,570,77,5,3793,19,47,241,6,244,2439,965,77,15,233,6,1120,10,22,16,9,18803,18,943,6,253,238,8,5755,371,3864,253,2100,1,113,2561,3660,4413,11730,513,1832,4057,6343,105,11,14,7,277,,2523,226,2200,10,6,1375,25,534,1021,7,1686,10331,1,135032,178,12,10,10,7206,21574,19,373,24,2258,1,58,105,574,30217,8,52,1319,2076,51608,368196,42,415,397,7,159,245,,39,9
4/8/2020,1391888,367,383,1468,545,17,3,15,1715,853,74,5956,12640,717,36,811,164,63,861,22194,7,26,39,5,210,2,781,6,13717,3,135,577,384,3,117,685,17883,7,45,9,9,5116,82784,1780,45,483,349,1282,396,13,494,5017,180,5071,121,15,1956,3995,1322,78,16,31,1149,52,184,5,15,2308,78167,47,30,4,196,103228,287,113,1832,11,12,121,80,166,144,33,33,25,312,895,1586,5194,2738,,62589,1031,5709,150,9248,135586,63,3906,170,349,704,172,184,743,270,12,548,548,14,19,78,880,2970,599,85,8,3963,19,56,293,6,268,2785,1056,79,15,241,6,1184,10,22,16,9,19580,18,969,6,278,254,8,5863,419,4072,260,2249,2,115,2954,3764,4848,12442,573,2057,4417,7497,105,11,14,8,279,,2795,237,2447,10,6,1481,40,581,1055,8,1749,10384,1,140510,185,14,10,10,7693,22164,19,376,24,2369,1,65,107,596,34109,8,52,1462,2359,55242,398809,45,424,504,7,166,251,,39,10
4/9/2020,1476818,423,400,1572,564,19,3,15,1795,881,77,6052,12969,822,40,823,218,63,1066,23403,8,26,39,5,264,2,816,7,15927,3,135,593,414,3,118,730,19274,7,45,10,10,5546,82870,2054,60,502,384,1343,457,14,526,5312,183,5402,135,15,2111,4450,1560,103,18,33,1185,55,184,5,15,2487,82048,51,33,4,211,108202,313,120,1884,11,12,125,87,181,164,33,37,27,343,980,1616,5734,2956,,64586,1202,6224,158,9404,139422,63,4257,170,358,759,179,184,855,280,15,577,575,31,21,79,912,3034,617,93,8,4119,19,59,299,6,273,3181,1174,81,16,249,9,1275,17,22,16,9,20549,18,992,6,342,276,11,6010,419,4322,263,2528,2,124,4342,3870,5205,13141,620,2210,4761,8672,110,11,14,8,308,4,2932,244,2666,10,7,1623,40,682,1091,8,1845,10423,2,146690,189,14,10,12,8419,22710,19,379,25,2423,1,70,107,623,38226,8,53,1668,2659,60733,432132,45,456,555,8,167,251,,39,11
4/10/2020,1563857,484,409,1666,583,19,3,19,1894,921,82,6152,13248,926,41,887,330,66,1486,24983,9,30,48,5,268,2,875,13,17857,3,135,624,443,3,119,730,20748,7,45,11,11,5972,82925,2223,60,539,444,1407,515,14,564,5569,215,5635,140,16,2349,4965,1699,117,18,33,1207,56,184,5,15,2605,86334,51,44,4,218,113525,378,123,1955,11,12,128,126,191,194,35,37,30,382,1190,1648,6412,3293,,66220,1232,7393,190,9968,143626,63,4667,183,372,802,184,227,910,298,16,589,582,31,24,79,955,3115,663,93,8,4228,19,59,337,7,314,3441,1289,84,16,252,9,1374,17,27,16,9,21762,18,1015,6,410,288,11,6160,457,4601,263,2752,2,129,5256,4076,5575,13956,683,2376,5202,10131,113,11,14,12,333,4,3287,250,2867,10,7,1909,50,701,1124,12,1934,10450,2,152446,190,14,10,12,9141,23495,19,380,25,2473,2,73,109,643,42282,8,53,1892,2990,65077,466033,50,473,582,8,171,255,1,39,11
4/11/2020,1653206,521,416,1761,601,19,3,21,1975,937,86,6238,13560,991,42,998,424,67,1981,26667,10,35,48,5,276,2,901,13,19638,3,136,635,448,3,120,803,22133,7,45,11,11,6501,83004,2473,60,558,480,1495,564,14,595,5732,223,5819,150,16,2620,7161,1794,118,18,34,1258,65,184,5,16,2769,90676,51,46,4,234,117658,378,127,2011,11,14,130,137,200,212,35,40,31,392,1310,1675,7447,3512,,68192,1279,8089,201,10408,147577,65,5347,198,372,840,189,250,993,339,16,612,609,37,24,80,999,3223,711,102,9,4346,19,87,350,7,318,3844,1438,90,16,257,9,1448,20,28,16,9,23097,18,1035,6,438,305,11,6244,484,4788,266,2974,2,133,5897,4076,5955,15472,725,2512,5467,11917,118,12,15,12,344,4,3651,265,3105,10,8,1909,50,715,1160,21,2003,10450,3,157022,197,15,10,12,9685,24228,19,380,32,2518,2,76,109,671,47029,9,53,2203,3360,70272,501560,50,494,624,8,175,257,1,40,11
4/12/2020,1734913,555,433,1825,622,19,3,21,2137,967,92,6289,13807,1058,46,1040,482,68,2226,28018,13,35,50,5,300,2,948,13,20727,3,136,661,484,5,122,820,23301,8,53,11,11,6927,83097,2709,60,577,533,1534,620,14,616,5902,234,5996,187,16,2759,7257,1939,118,18,34,1304,69,184,5,16,2905,93790,51,49,9,242,120479,408,129,2081,11,14,133,153,209,250,38,45,33,393,1410,1689,8356,3842,,70029,1318,8928,226,10743,152271,69,6748,198,381,880,191,283,1154,377,18,630,619,48,25,80,1053,3270,760,102,12,4530,19,105,370,7,319,4219,1560,92,16,263,9,1545,20,31,16,9,24413,18,1049,8,491,318,11,6320,546,5038,268,3234,2,134,6848,4428,6356,15987,788,2728,5990,13584,120,12,15,12,356,4,4033,278,3380,10,10,2299,50,728,1188,21,2028,10512,4,161852,199,19,10,14,10151,24820,25,385,32,2551,2,76,112,685,52167,9,53,2511,3736,78991,529951,51,501,796,8,175,258,1,40,14
4/13/2020,1807303,607,446,1914,638,19,3,21,2203,1013,92,6322,13937,1098,47,1136,621,71,2578,29647,14,35,57,5,330,3,1007,13,22169,3,136,675,497,5,122,820,24365,10,53,11,15,7213,83209,2776,70,595,574,1600,669,14,633,5991,234,6174,214,16,2967,7466,2065,125,21,34,1309,71,184,5,16,2974,95403,53,57,9,257,123016,566,129,2114,11,14,133,156,218,250,39,45,33,397,1458,1701,9152,4241,,71686,1352,9655,228,11145,156363,72,7255,213,389,961,197,362,1234,419,19,651,630,50,25,80,1062,3281,828,106,13,4683,20,116,378,7,324,4661,1662,93,16,272,11,1661,21,41,16,12,25587,18,1064,11,529,323,11,6415,599,5374,268,3400,2,147,7519,4648,6674,16585,897,2979,6300,15770,126,12,15,12,356,4,4462,280,3630,10,10,2532,50,742,1205,25,2173,10537,4,166019,210,19,10,14,10483,25220,25,388,32,2579,2,76,113,707,56956,9,54,2777,4123,84279,557571,51,512,865,8,181,262,1,43,14
4/14/2020,1873689,665,467,1983,646,19,3,23,2272,1039,92,6366,14043,1148,49,1361,803,72,2919,30589,18,35,57,5,354,4,1028,13,23430,3,136,685,515,5,122,820,25663,10,53,11,23,7525,83303,2852,70,612,626,1650,726,14,662,6059,235,6318,298,16,3167,7529,2190,149,21,34,1332,74,184,5,16,3064,98076,55,57,9,272,125098,566,129,2145,11,14,134,167,219,319,39,47,40,407,1512,1711,10363,4557,,73303,1378,10647,242,11586,159516,73,7645,217,391,1179,208,377,1300,430,19,655,632,59,26,81,1070,3292,854,106,16,4817,20,123,384,7,324,5014,1712,93,16,274,11,1763,27,62,16,14,26551,18,1072,12,548,343,11,6488,813,5716,268,3472,2,159,7519,4932,6934,16934,903,3231,6633,18328,127,12,15,12,356,4,4934,291,4054,10,11,2918,52,769,1212,25,2272,10564,4,169496,218,29,10,15,10948,25499,25,393,46,2613,4,77,113,726,61049,10,54,3102,4521,88621,582594,51,521,998,8,189,265,1,45,17
4/15/2020,1948922,714,475,2070,659,19,3,23,2432,1111,92,6416,14234,1197,49,1528,1012,73,3281,31119,18,35,57,5,397,4,1073,13,25262,3,136,713,528,5,122,855,27046,11,54,11,23,7917,83352,2979,74,618,626,1704,766,14,695,6141,254,6511,363,16,3286,7603,2350,159,41,35,1373,82,184,11,16,3161,103573,55,75,9,300,127584,636,129,2170,11,14,135,180,223,363,40,48,40,419,1579,1720,11438,4839,,74877,1400,11479,242,12046,162488,105,8100,217,397,1267,216,387,1355,449,19,657,641,59,35,81,1070,3307,908,108,16,4987,21,144,393,7,324,5399,1934,93,30,283,11,1888,28,74,16,16,27419,18,1078,12,570,373,13,6566,910,5988,287,3574,2,161,10303,5223,7202,17448,923,3428,6879,21102,134,14,15,12,372,4,5369,299,4465,11,11,3252,52,835,1220,60,2415,10591,4,172541,233,32,10,15,11445,25753,29,395,53,2643,6,77,113,747,65111,10,55,3372,4933,93873,609516,51,533,1165,8,193,274,1,45,17
4/16/2020,2029930,784,494,2160,673,19,3,23,2432,1159,93,6458,14370,1253,53,1673,1231,75,3728,33573,18,35,81,5,441,4,1100,13,28320,3,136,747,542,5,122,855,28364,55,60,11,27,8273,83402,3105,117,626,654,1741,814,14,715,6303,267,6681,435,16,3614,7858,2505,159,51,35,1402,85,184,11,16,3237,106206,55,87,9,306,130450,641,131,2192,11,14,135,196,223,404,43,55,41,426,1652,1727,12380,5136,,76389,1415,12547,254,12501,165155,125,8582,217,401,1331,225,423,1405,466,19,666,658,59,48,81,1091,3373,974,110,16,5072,21,148,399,7,324,5847,2049,93,30,288,11,2024,29,74,16,16,28153,18,1084,12,584,407,13,6677,910,6505,291,3751,2,174,11475,5453,7582,18091,974,3711,7216,24490,136,14,15,12,392,4,5862,314,4873,11,13,3699,57,863,1248,80,2506,10613,4,177633,237,32,10,16,11927,26336,33,395,88,2672,6,81,114,780,69392,11,55,4161,5365,98476,639664,51,539,1302,8,197,275,1,48,23
4/17/2020,2114269,794,518,2268,682,19,3,23,2560,1201,95,6497,14448,1283,54,1700,1572,75,4204,34809,18,37,83,5,465,4,1152,15,30425,3,136,800,543,5,122,855,30081,55,61,12,27,8807,83754,3233,117,642,688,1791,862,14,735,6433,287,6879,591,16,3755,8225,2673,164,51,35,1434,92,184,11,17,3369,108847,55,95,9,348,133830,641,133,2207,11,14,135,214,234,438,46,57,43,442,1763,1739,13387,5516,,77995,1434,13271,284,12758,168941,143,9167,223,402,1470,234,449,1524,489,19,675,663,73,49,81,1149,3444,1081,111,16,5182,25,171,412,7,324,6297,2154,93,31,303,11,2283,31,85,16,16,29214,18,1086,12,609,442,13,6791,1019,7025,294,4016,7,174,12491,5660,7918,18841,1043,4103,7707,27938,138,14,15,12,426,4,6380,335,5318,11,15,4427,57,977,1268,80,2605,10635,4,182816,238,32,10,16,12540,26651,33,395,94,2700,18,81,114,822,74193,11,55,4462,5825,103093,671331,51,552,1380,8,204,275,1,48,24
4/18/2020,2197593,845,539,2418,696,19,3,23,2658,1248,96,6533,14603,1340,55,1744,1838,75,4779,36138,18,37,83,5,493,4,1210,15,33682,3,136,846,557,6,122,1016,31872,56,61,12,33,9252,83785,3439,143,649,742,1814,923,14,735,6549,307,7073,732,16,4126,8450,2844,177,79,35,1459,96,184,11,17,3489,109252,55,108,9,370,137439,641,133,2207,11,14,136,235,234,477,50,63,44,457,1834,1754,14378,5923,,79494,1482,13980,289,12982,172434,163,9795,224,407,1591,246,480,1658,506,19,682,668,76,49,81,1239,3480,1117,117,17,5251,29,190,422,7,324,6875,2264,94,31,303,11,2564,34,94,16,30,30449,18,1094,12,627,493,14,6791,1069,7481,307,4210,7,202,13489,5878,8379,19022,1068,4663,8067,32008,143,14,15,12,435,4,7142,342,5690,11,26,5050,57,1049,1304,116,2783,10653,4,188068,244,32,10,19,13216,26997,38,395,147,2700,18,83,114,864,78546,11,55,5106,5825,108692,702164,51,570,1450,8,227,276,1,52,24
4/19/2020,2281714,908,548,2535,704,24,3,23,2828,1291,96,6586,14662,1373,58,1773,2144,75,4779,37183,18,37,86,5,520,4,1254,15,36599,3,137,878,565,6,122,1016,33341,58,61,12,33,9730,83803,3621,143,655,801,1832,986,14,761,6654,327,7242,732,16,4335,9022,3032,190,79,35,1512,105,184,11,17,3681,111821,55,109,9,388,139897,834,133,2207,11,14,136,257,239,477,50,63,44,472,1916,1760,15712,6248,,80868,1482,14758,297,13265,175925,173,10361,245,413,1654,262,510,1752,554,19,712,672,81,49,82,1298,3537,1170,117,17,5305,35,216,426,7,325,7497,2351,94,31,307,11,2685,35,107,16,31,31589,18,1098,12,639,542,14,6984,1180,7993,313,4273,7,202,14420,6087,8742,19685,1118,5008,8418,36793,144,14,15,12,455,4,8274,350,5994,11,30,5992,64,1089,1317,135,3034,10661,4,191726,254,66,10,19,13822,27322,38,398,148,2733,18,84,114,866,82329,11,55,5449,6302,114217,735086,53,588,1495,8,227,276,1,57,25
4/20/2020,2355853,996,562,2629,713,24,3,23,2930,1339,97,6612,14710,1398,60,1873,2456,75,4779,38496,18,37,86,5,564,5,1269,20,38654,4,138,915,576,6,122,1016,34777,61,61,12,33,10088,83817,3792,160,660,847,1871,1035,14,767,6787,332,7384,846,16,4680,9468,3144,201,79,39,1528,108,185,11,17,3783,112606,55,109,10,394,141672,1042,133,2235,11,14,136,289,239,579,50,65,47,477,1984,1771,17265,6575,,82211,1539,15251,298,13491,178972,196,10751,249,417,1735,270,510,1915,568,19,727,673,91,49,82,1326,3550,1207,121,17,5389,52,224,427,7,328,8261,2472,98,32,308,11,2855,39,111,16,31,32655,18,1105,12,648,627,14,7068,1266,8418,322,4467,7,206,15628,6259,9287,20206,1213,5448,8746,42853,147,15,15,12,461,4,9362,367,6318,11,35,6588,67,1161,1330,164,3158,10674,4,195944,295,66,10,22,14385,27658,39,420,170,2765,19,84,114,879,86306,11,55,5710,6781,120067,759687,53,592,1565,8,256,276,1,61,25
4/21/2020,2431705,1031,584,2718,717,24,3,23,3020,1401,97,6625,14783,1436,64,1907,2948,75,6264,39983,18,54,86,6,598,5,1300,20,40581,5,138,929,581,6,122,1017,36823,67,66,12,33,10507,83849,3977,160,662,879,1881,1087,14,772,6914,350,7515,846,16,4964,10128,3333,218,79,39,1535,111,185,11,18,3868,114657,56,120,10,402,143457,1042,133,2245,11,14,136,294,239,622,50,66,57,494,2098,1773,18600,6760,,83505,1574,15652,300,13713,181228,223,11118,249,425,1949,281,598,1995,590,19,739,677,99,51,82,1350,3558,1225,121,17,5425,69,246,431,7,328,8772,2548,98,34,312,11,3046,39,119,16,31,33405,18,1107,13,655,665,14,7113,1508,9216,329,4658,7,208,16325,6459,9593,20863,1252,6015,8936,47121,147,15,15,12,462,4,10484,377,6630,11,43,6588,68,1173,1335,237,3300,10683,4,200210,304,92,10,24,14777,27826,39,422,170,2792,22,84,114,884,90980,11,56,6125,7265,124743,787752,54,602,1657,9,256,276,1,65,25
4/22/2020,2520522,1092,609,2811,717,24,3,24,3132,1473,97,6647,14833,1480,65,1973,3382,75,6723,40956,18,54,98,6,609,6,1340,20,43079,5,138,975,600,6,122,1163,38413,67,66,14,34,10832,83864,4149,165,669,916,1908,1137,14,784,7041,359,7695,945,16,5044,10398,3490,225,79,39,1552,114,185,12,18,4014,117324,57,156,10,408,145694,1042,133,2401,11,14,136,316,239,688,50,67,58,510,2168,1778,19984,7135,,84802,1602,16040,307,13942,183957,233,11496,255,425,2025,281,604,2080,612,19,748,677,101,51,82,1370,3618,1231,121,18,5482,86,258,443,7,328,9501,2614,98,35,313,11,3209,39,121,16,42,34134,18,1113,13,655,782,14,7166,1508,9749,329,4821,7,213,17837,6599,9856,21379,1252,6533,9242,52763,150,15,15,12,476,4,11631,412,6890,11,50,9125,68,1199,1340,286,3465,10694,4,204178,310,107,10,24,15322,27981,42,425,254,2811,23,86,115,901,95591,11,58,6592,7755,129044,825041,54,613,1692,9,285,276,1,65,28
